{
    "age": {
        "0-4": 0.054470010515172654,
        "5-9": 0.0592779581446562,
        "10-14": 0.06041975719510425,
        "15-19": 0.05698196842615835,
        "20-24": 0.060444540430307774,
        "25-29": 0.06577116576797935,
        "30-34": 0.06997015390389061,
        "35-39": 0.06718735063675212,
        "40-44": 0.0633813538019253,
        "45-49": 0.06377434510300975,
        "50-55": 0.0691753201462919,
        "55-59": 0.06738030582512242,
        "60-64": 0.057640494390137686,
        "65-69": 0.048991145304107996,
        "70-74": 0.04950628255012409,
        "75-79": 0.036091471380674034,
        "80-84": 0.02527712967650797,
        "85-89": 0.01543995553179512,
        "90+": 0.008819291270282423
    },
    "sex": {
        "Male": 0.48946098149637973,
        "Female": 0.5105711987127917
    },
    "sexuality": {
        "Heterosexual": 0.933,
        "Homosexual": 0.018,
        "Bisexual": 0.013,
        "Other": 0.006,
        "Unsure": 0.029
    },
    "ethnicity": {
        "White": {
            "British": 0.932,
            "Irish": 0.005,
            "Gypsy": 0.0001,
            "Other": 0.018
        },
        "Asian": {
            "Indian": 0.006,
            "Pakistani": 0.004,
            "Bangladeshi": 0.003,
            "Chinese": 0.004,
            "Other": 0.005
        },
        "Black": {
            "Caribbean": 0.001,
            "African": 0.004,
            "Other": 0.001
        },
        "Mixed": {
            "White and Caribean": 0.004,
            "White and African": 0.001,
            "White and Asian": 0.003,
            "Other": 0.002
        },
        "Arab": 0.003,
        "Other": 0.002
    },
    "religion": {
        "Christian": 0.576,
        "Muslim": 0.015,
        "Hindu": 0.003,
        "Sikh": 0.001,
        "Jewish": 0.001,
        "Buddhist": 0.003,
        "Other religion": 0.004,
        "No religion": 0.321
    },
    "language": {
        "English": 0.733,
        "English/Welsh": 0.146,
        "Polish": 0.058,
        "Arabic": 0.023,
        "Bengali": 0.018,
        "Tagalog/Filipino": 0.009,
        "Portuguese": 0.008,
        "Urdu": 0.008,
        "French": 0.007,
        "German": 0.007,
        "Italian": 0.007
    },
    "relationship": {
        "Married": 0.466,
        "Single": 0.335,
        "Divorced": 0.097,
        "Widowed": 0.079,
        "Separated": 0.022,
        "Civil partnership": 0.002
    },
    "location": {
        "Isle of Anglesey": 0.022172164119066775,
        "Gwynedd": 0.03777956556717619,
        "Conwy": 0.03694288012872084,
        "Denbighshire": 0.03082864038616251,
        "Flintshire": 0.0498793242156074,
        "Wrexham": 0.04347546259050684,
        "Powys": 0.04286403861625101,
        "Ceredigion": 0.023008849557522124,
        "Pembrokeshire": 0.03971037811745776,
        "Carmarthenshire": 0.060466613032984715,
        "Swansea": 0.07674979887369268,
        "Neath Port Talbot": 0.04579243765084473,
        "Bridgend": 0.04682220434432824,
        "Vale of Glamorgan": 0.04241351568785197,
        "Cardiff": 0.11662107803700723,
        "Rhondda Cynon Taf": 0.0764923572003218,
        "Merthyr Tydfil": 0.01892196299275945,
        "Caerphilly": 0.05660498793242156,
        "Blaenau Gwent": 0.021528559935639582,
        "Torfaen": 0.029702333065164923,
        "Monmouthshire": 0.02992759452936444,
        "Newport": 0.051359613837489944
    }
}