{
    "age": {
        "0-4": 0.05757893725730925,
        "5-9": 0.062390408352570016,
        "10-14": 0.06246565580971338,
        "15-19": 0.05734273183120056,
        "20-24": 0.06213083805999862,
        "25-29": 0.06968850699526008,
        "30-34": 0.07289071307920383,
        "35-39": 0.07232968094055467,
        "40-44": 0.06485689648648264,
        "45-49": 0.06435026436520372,
        "50-54": 0.06336614720353623,
        "55-59": 0.06065074850569092,
        "60-64": 0.057747290167175225,
        "65-69": 0.05107465405247088,
        "70-74": 0.045658567868997524,
        "75-79": 0.03233005226099138,
        "80-84": 0.02181499698734828,
        "85+": 0.021332909776292812
    },
    "sex": {
        "male": 0.493460965278,
        "female": 0.506539034722
    },
    "religion": {
        "No religion": 0.389,
        "Catholic": 0.200,
        "Protestant": 0.181,
        "Orthodox": 0.021,
        "Christian": 0.037,
        "Muslim": 0.032,
        "Hindu": 0.027,
        "Buddhist": 0.024
    },
    "language": {
        "English": 0.72,
        "Mandarin": 0.027,
        "Arabic": 0.014,
        "Vietnamese": 0.013,
        "Cantonese": 0.012,
        "Punjabi": 0.009
    }
}