{
    "location": {
        "China": 0.180644647222055088064962546923,
        "India": 0.175911261286703868300662634283,
        "United States": 0.042626212019425673005468269139,
        "Indonesia": 0.035266218897129816833846405189,
        "Pakistan": 0.030157527913875933206488966221,
        "Nigeria": 0.027947233362986791810333997432,
        "Brazil": 0.027556088467580591716554749837,
        "Bangladesh": 0.021120642731844021383613707599,
        "Russia": 0.018555527617103353271721388751,
        "Mexico": 0.016437008629079825905439093958,
        "Japan": 0.015998419896692608888066899908,
        "Philippines": 0.014422709172473900315902817226,
        "Ethiopia": 0.013448471975594249519514455926,
        "Egypt": 0.013320423105677882749664497908,
        "DR Congo": 0.012661494068707118687555635006,
        "Vietnam": 0.012597066744777483254802419310,
        "Iran": 0.010997665944427857317999830400,
        "Turkey": 0.010828994791697804309094088637,
        "Germany": 0.010752207133365472915831340117,
        "France": 0.008692708406427293241214293573,
        "United Kingdom": 0.008578412750354048529888295604,
        "Thailand": 0.008551090471253396455009188060,
        "Tanzania": 0.007836640379966319444604572197,
        "South Africa": 0.007750224691869936344268410267,
        "Italy": 0.007526239907744279589163483024,
        "Myanmar": 0.007071175120066505205562723546,
        "South Korea": 0.006603620582452274928586533065,
        "Colombia": 0.006528258924729582295121144142,
        "Kenya": 0.006082567939462981028431176611,
        "Spain": 0.006089056363723742773541580675,
        "Argentina": 0.006052274346205309928092841432,
        "Algeria": 0.005805795684469278010453319183,
        "Sudan": 0.005750828610481272668009111726,
        "Uganda": 0.005484290157369625315353367512,
        "Iraq": 0.005267506350226182181006873151,
        "Ukraine": 0.005259799220395530716665177806,
        "Canada": 0.004991708676045504382290385337,
        "Poland": 0.004856791063886755320522237156,
        "Morocco": 0.004705992298673663046248982766,
        "Uzbekistan": 0.004593732123875961248504751211,
        "Saudi Arabia": 0.004477549072681413777630154982,
        "Yemen": 0.004309204783690775975024678246,
        "Peru": 0.004270801874976293960317619280,
        "Angola": 0.004231105066686140746268218749,
        "Afghanistan": 0.004206026714829440293907936166,
        "Malaysia": 0.004188919950633247617222121306,
        "Mozambique": 0.004043094476040618064083265182,
        "Ghana": 0.003942828256688871331470114256,
        "Ivory Coast": 0.003758312780621591870505726618,
        "Nepal": 0.003733162431783165150639414165,
        "Venezuela": 0.003619286992551751062918707902,
        "Madagascar": 0.003442984287639713324863377508,
        "Australia": 0.003326302756454459566559656025,
        "North Korea": 0.003281425490385058655468109023,
        "Cameroon": 0.003113677766083144862058196267,
        "Niger": 0.003083562055243912504443049016,
        "Taiwan": 0.002989257646350535098378475851,
        "Mali": 0.002889342460240063113069419742,
        "Sri Lanka": 0.002833330598790778035583892702,
        "Syria": 0.002829366288962175627480499784,
        "Burkina Faso": 0.002750742643655353439346988864,
        "Malawi": 0.002750428312250233989916248234,
        "Chile": 0.002535695715740686907030410069,
        "Kazakhstan": 0.002476274675719766261983156852,
        "Romania": 0.002434610290945004012347352429,
        "Zambia": 0.002353080806533816744796627773,
        "Ecuador": 0.002316928346992358240391540747,
        "Netherlands": 0.002272637798777590607129939215,
        "Somalia": 0.002250449173024016407546055163,
        "Senegal": 0.002202557369032368851657910369,
        "Guatemala": 0.002188010781699680461220847150,
        "Chad": 0.002150752023954117467946511866,
        "Cambodia": 0.001988831707219286971249916363,
        "Zimbabwe": 0.001941102439930612226851036617,
        "South Sudan": 0.001694413030368852697213344349,
        "Rwanda": 0.001656796078048131419177546597,
        "Guinea": 0.001650610092263002847898234471,
        "Burundi": 0.001608048238895430073411296767,
        "Benin": 0.001599323688129411892913656068,
        "Tunisia": 0.001509454191005580410075981312,
        "Bolivia": 0.001508644576633810102661570340,
        "Haiti": 0.001501708313243378103626901598,
        "Belgium": 0.001492592958256836778441201119,
        "Jordan": 0.001452403936143126022759175520,
        "Cuba": 0.001421168627479719006115321811,
        "Dominican Republic": 0.001347294353228524954255163060,
        "Czech Republic": 0.001346041631322686480537464959,
        "Sweden": 0.001343858703297710942628495623,
        "Greece": 0.001334115708548628490698328974,
        "Portugal": 0.001322903233662756734487220278,
        "Azerbaijan": 0.001304996318285997491948080551,
        "Hungary": 0.001239038642881560084441083802,
        "Israel": 0.001229608700727975083635823417,
        "Honduras": 0.001220774428096377999322652563,
        "Tajikistan": 0.001215636426796584809370549429,
        "United Arab Emirates": 0.001187043522455384766609021163,
        "Belarus": 0.001183605314905326541530250495,
        "Papua New Guinea": 0.001166657250983240464575763085,
        "Austria": 0.001162548947191186171981613917,
        "Switzerland": 0.001121552228920138106343928897,
        "Sierra Leone": 0.001086254142087224837387449128,
        "Togo": 0.001008469268011557727279803309,
        "Hong Kong (China)": 0.000946715551358909908515049114,
        "Paraguay": 0.000940313574628603727340037111,
        "Laos": 0.000938362750550044734387800105,
        "El Salvador": 0.000872907135803255491458829685,
        "Libya": 0.000871125114594817622111488920,
        "Kyrgyzstan": 0.000869590543048261795273934371,
        "Serbia": 0.000869220327662655230238630821,
        "Nicaragua": 0.000843461137563132536815180273,
        "Bulgaria": 0.000833824028250762451681954435,
        "Turkmenistan": 0.000822402467991672288423476989,
        "Congo": 0.000763449344411488723532999146,
        "Denmark": 0.000758124892668789033579879177,
        "Central African Republic": 0.000720406147102146260374766484,
        "Finland": 0.000707027752359273235077674613,
        "Lebanon": 0.000702066482549258468956465684,
        "Norway": 0.000700178959546994897356064769,
        "Singapore": 0.000697411615524705960460216669,
        "Slovakia": 0.000694996199910427213050634343,
        "Palestine": 0.000668458470512951871862761255,
        "Costa Rica": 0.000660254267382178231492184661,
        "New Zealand": 0.000656580247337799254372936453,
        "Ireland": 0.000655202713612841039156342582,
        "Kuwait": 0.000597295272660672976750007024,
        "Liberia": 0.000596054443684320453371305870,
        "Oman": 0.000578974150847306003909997774,
        "Panama": 0.000547138696828233534602548005,
        "Mauritania": 0.000546204782161192154907314311,
        "Croatia": 0.000495133729567967810665518602,
        "Georgia": 0.000471701717218796874250830164,
        "Eritrea": 0.000471113464792617155085796554,
        "Uruguay": 0.000454605950785354651511732671,
        "Mongolia": 0.000443860113530597977151564981,
        "Bosnia and Herzegovina": 0.000424686792985043751452040039,
        "Puerto Rico (United States)": 0.000420200728830612420770795890,
        "Armenia": 0.000379026383903050489120045707,
        "Lithuania": 0.000363056609341893567460129999,
        "Albania": 0.000361870001893519334205950866,
        "Qatar": 0.000357964645188497141217731645,
        "Jamaica": 0.000349638443619772253199290413,
        "Gambia": 0.000346045883748323014096615058,
        "Moldova": 0.000332119646963329557751154475,
        "Namibia": 0.000326125354740558297522018405,
        "Botswana": 0.000308236342698509037038578917,
        "Lesotho": 0.000294893498863131153352873381,
        "Gabon": 0.000285592972243305543312424932,