{
    "ethnicity": {
        "White": {
            "British": 0.368,
            "Irish": 0.018,
            "Gypsy": 0.001,
            "Roma": 0.004
        },
        "Asian": {
            "Indian": 0.075,
            "Pakistani": 0.033,
            "Bangladeshi": 0.037,
            "Chinese": 0.017
        },
        "Black": {
            "African": 0.079,
            "Caribbean": 0.0039
        },
        "Mixed": {
            "White and Caribbean": 0.015,
            "White and Black African": 0.009,
            "White and Asian": 0.0014
        },
        "Arab": 0.016
    },
    "language": {
        "English": 0.784,
        "Polish": 0.013,
        "Bengali": 0.012,
        "Gujarati": 0.01,
        "French": 0.008,
        "Urdu": 0.008,
        "Portuguese": 0.011,
        "Turkish": 0.008,
        "Spanish": 0.014,
        "Arabic": 0.008,
        "Tamil": 0.008,
        "Punjabi": 0.009,
        "Somali": 0.004,
        "Italian": 0.01,
        "Romanian": 0.019,
        "Persian": 0.005,
        "Lithuanian": 0.004,
        "German": 0.002,
        "Greek": 0.004,
        "Russian": 0.004
    },
    "religion": {
        "Christian": 0.4066,
        "No religion": 0.2705,
        "Islam": 0.1499,
        "Hinduism": 0.0515,
        "Judaism": 0.0165,
        "Sikhism": 0.0099,
        "Buddhism": 0.0088
    },
    "place of birth": {
        "United Kingdom": 0.7115114086069384,
        "India": 0.03605165708233798,
        "Poland": 0.02176184023509936,
        "Republic of Ireland": 0.017844846464924465,
        "Nigeria": 0.015770529299369097,
        "Pakistan": 0.015459704784071817,
        "Bangladesh": 0.015114787177313358,
        "Jamaica": 0.012024275930786076,
        "Sri Lanka ": 0.011622169912544347,
        "France": 0.00916306821876382,
        "Somalia": 0.008981467517875846,
        "Kenya": 0.008827361245585598,
        "United States": 0.00878721937983292,
        "Ghana": 0.008646447905412568,
        "Italy": 0.00853014647244419,
        "Turkey": 0.008192789833550105,
        "South Africa": 0.007941078339737931,
        "Germany": 0.007626404604436968,
        "Australia": 0.007417859363523224,
        "Romania": 0.0061653506687538604,
        "Philippines": 0.0060761312479542424,
        "Cyprus": 0.005970140225710013,
        "Portugal": 0.005641994220396165,
        "Lithuania": 0.005473728317378087,
        "China": 0.005423550985187239,
        "Afghanistan": 0.005179950347811395,
        "Iran": 0.005133072347052274,
        "Spain": 0.00493250049043187,
        "Uganda": 0.004417804787082457,
        "Brazil": 0.0043107139876943186
    }
}