{
    "age": {
        "0-4": 0.054470010515172654,
        "5-9": 0.0592779581446562,
        "10-14": 0.06041975719510425,
        "15-19": 0.05698196842615835,
        "20-24": 0.060444540430307774,
        "25-29": 0.06577116576797935,
        "30-34": 0.06997015390389061,
        "35-39": 0.06718735063675212,
        "40-44": 0.0633813538019253,
        "45-49": 0.06377434510300975,
        "50-55": 0.0691753201462919,
        "55-59": 0.06738030582512242,
        "60-64": 0.057640494390137686,
        "65-69": 0.048991145304107996,
        "70-74": 0.04950628255012409,
        "75-79": 0.036091471380674034,
        "80-84": 0.02527712967650797,
        "85-89": 0.01543995553179512,
        "90+": 0.008819291270282423
    },
    "sex": {
        "Male": 0.4895804198280043,
        "Female": 0.5104195801719956,
        "Other": 0
    },
    "sexuality": {
        "Heterosexual": 0.933,
        "Homosexual": 0.018,
        "Bisexual": 0.013,
        "Other": 0.006,
        "Unsure": 0.029
    },
    "ethnicity": {
        "White": {
            "British": 0.798,
            "Irish": 0.01,
            "Gypsy": 0.001,
            "Other": 0.046
        },
        "Asian": {
            "Indian": 0.026,
            "Pakistani": 0.021,
            "Bangladeshi": 0.008,
            "Chinese": 0.007,
            "Other": 0.016
        },
        "Black": {
            "Caribbean": 0.011,
            "African": 0.018,
            "Other": 0.003
        },
        "Arab": 0.004,
        "Other": 0.006
    },
    "religion": {
        "Christian": 0.5938,
        "Muslim": 0.0502,
        "Hindu": 0.0152,
        "Sikh": 0.0079,
        "Jewish": 0.0049,
        "Buddhist": 0.0045,
        "Other religion": 0.0043,
        "No religion": 0.3192
    },
    "language": {
        "English": 0.9202,
        "Polish": 0.0104,
        "Punjabi": 0.0053,
        "Hindi/Urdu": 0.0052,
        "Bengali (with Sylheti and Chatgaya)": 0.0042,
        "Gujarati": 0.0042,
        "Arabic": 0.0030,
        "French": 0.0028,
        "Portuguese": 0.0026,
        "Spanish": 0.0023,
        "Tamil": 0.0020,
        "Turkish": 0.0019,
        "Italian": 0.0018,
        "Somali": 0.0017,
        "Lithuanian": 0.0017,
        "German": 0.0015,
        "Persian/Farsi": 0.0015,
        "Tagalog/Filipino": 0.0013,
        "Romanian": 0.0013,
        "Russian": 0.0013,
        "Welsh": 0.0002,
        "Cornish": 0.0,
        "Other": 0.0237
    },
    "location": {
        "North East": {
            "County Durham": 0,
            "Darlington": 0,
            "Hartlepool": 0,
            "Middlesbrough": 0,
            "Northumberland": 0,
            "Redcar and Cleveland": 0,
            "Stockton-on-Tees": 0,
            "Tyne and Wear (Met County)": 0,
            "Gateshead": 0,
            "Newcastle upon Tyne": 0,
            "North Tyneside": 0,
            "South Tyneside": 0,
            "Sunderland": 0
        },
        "North West": {
            "Blackburn with Darwen": 0,
            "Blackpool": 0,
            "Cheshire East": 0,
            "Cheshire West and Chester": 0,
            "Halton": 0,
            "Warrington": 0,
            "Cumbria": 0,
            "Allerdale": 0,
            "Barrow-in-Furness": 0,
            "Carlisle": 0,
            "Copeland": 0,
            "Eden": 0,
            "South Lakeland": 0,
            "Greater Manchester (Met County)": 0,
            "Bolton": 0,
            "Bury": 0,
            "Manchester": 0,
            "Oldham": 0,
            "Rochdale": 0,
            "Salford": 0,
            "Stockport": 0,
            "Tameside": 0,
            "Trafford": 0,
            "Wigan": 0,
            "Lancashire": 0,
            "Burnley": 0,
            "Chorley": 0,
            "Fylde": 0,
            "Hyndburn": 0,
            "Lancaster": 0,
            "Pendle": 0,
            "Preston": 0,
            "Ribble Valley": 0,
            "Rossendale": 0,
            "South Ribble": 0,
            "West Lancashire": 0,
            "Wyre": 0,
            "Merseyside (Met County)": 0,
            "Knowsley": 0,
            "Liverpool": 0,
            "Sefton": 0,
            "St. Helens": 0,
            "Wirral": 0
        },
        "Yorkshire": {
            "East Riding of Yorkshire": 0,
            "Kingston upon Hull, City of": 0,
            "North East Lincolnshire": 0,
            "North Lincolnshire": 0,
            "York": 0,
            "North Yorkshire": 0,
            "Craven": 0,
            "Hambleton": 0,
            "Harrogate": 0,
            "Richmondshire": 0,
            "Ryedale": 0,
            "Scarborough": 0,
            "Selby": 0,
            "South Yorkshire (Met County)": 0,
            "Barnsley": 0,
            "Doncaster": 0,
            "Rotherham": 0,
            "Sheffield": 0,
            "West Yorkshire (Met County)": 0,
            "Bradford": 0,
            "Calderdale": 0,
            "Kirklees": 0,
            "Leeds": 0,
            "Wakefield": 0
        },
        "East Midlands": {
            "Derby": 0,
            "Leicester": 0,
            "North Northamptonshire [note 3]": 0,
            "Nottingham": 0,
            "Rutland": 0,
            "West Northamptonshire [note 4]": 0,
            "Derbyshire": 0,
            "Amber Valley": 0,
            "Bolsover": 0,
            "Chesterfield": 0,
            "Derbyshire Dales": 0,
            "Erewash": 0,
            "High Peak": 0,
            "North East Derbyshire": 0,
            "South Derbyshire": 0,
            "Leicestershire": 0,
            "Blaby": 0,
            "Charnwood": 0,
            "Harborough": 0,
            "Hinckley and Bosworth": 0,
            "Melton": 0,
            "North West Leicestershire": 0,
            "Oadby and Wigston": 0,
            "Lincolnshire": 0,
            "Boston": 0,
            "East Lindsey": 0,
            "Lincoln": 0,
            "North Kesteven": 0,
            "South Holland": 0,
            "South Kesteven": 0,
            "West Lindsey": 0,
            "Nottinghamshire": 0,
            "Ashfield": 0,
            "Bassetlaw": 0,
            "Broxtowe": 0,
            "Gedling": 0,
            "Mansfield": 0,
            "Newark and Sherwood": 0,
            "Rushcliffe": 0
        },
        "West Midlands": {
            "Herefordshire, County of": 0,
            "Shropshire": 0,
            "Stoke-on-Trent": 0,
            "Telford and Wrekin": 0,
            "Staffordshire": 0,
            "Cannock Chase": 0,
            "East Staffordshire": 0,
            "Lichfield": 0,
            "Newcastle-under-Lyme": 0,
            "South Staffordshire": 0,
            "Stafford": 0,
            "Staffordshire Moorlands": 0,
            "Tamworth": 0,
            "Warwickshire": 0,
            "North Warwickshire": 0,
            "Nuneaton and Bedworth": 0,
            "Rugby": 0,
            "Stratford-on-Avon": 0,
            "Warwick": 0,
            "West Midlands (Met County)": 0,
            "Birmingham": 0,
            "Coventry": 0,
            "Dudley": 0,
            "Sandwell": 0,
            "Solihull": 0,
            "Walsall": 0,
            "Wolverhampton": 0,
            "Worcestershire": 0,
            "Bromsgrove": 0,
            "Malvern Hills": 0,
            "Redditch": 0,
            "Worcester": 0,
            "Wychavon": 0,
            "Wyre Forest": 0
        },
        "East of England": {
            "Bedford": 0,
            "Central Bedfordshire": 0,
            "Luton": 0,
            "Peterborough": 0,
            "Southend-on-Sea": 0,
            "Thurrock": 0,
            "Cambridgeshire": 0,
            "Cambridge": 0,
            "East Cambridgeshire": 0,
            "Fenland": 0,
            "Huntingdonshire": 0,
            "South Cambridgeshire": 0,
            "Essex": 0,
            "Basildon": 0,
            "Braintree": 0,
            "Brentwood": 0,
            "Castle Point": 0,
            "Chelmsford": 0,