{
    "age": {
        "0-4": 0.054470010515172654,
        "5-9": 0.0592779581446562,
        "10-14": 0.06041975719510425,
        "15-19": 0.05698196842615835,
        "20-24": 0.060444540430307774,
        "25-29": 0.06577116576797935,
        "30-34": 0.06997015390389061,
        "35-39": 0.06718735063675212,
        "40-44": 0.0633813538019253,
        "45-49": 0.06377434510300975,
        "50-55": 0.0691753201462919,
        "55-59": 0.06738030582512242,
        "60-64": 0.057640494390137686,
        "65-69": 0.048991145304107996,
        "70-74": 0.04950628255012409,
        "75-79": 0.036091471380674034,
        "80-84": 0.02527712967650797,
        "85-89": 0.01543995553179512,
        "90+": 0.008819291270282423
    },
    "sex": {
        "Male": 0.4895804198280043,
        "Female": 0.5104195801719956,
        "Other": 0
    },
    "sexuality": {
        "Heterosexual": 0.933,
        "Homosexual": 0.018,
        "Bisexual": 0.013,
        "Other": 0.006,
        "Unsure": 0.029
    },
    "ethnicity": {
        "White": {
            "British": 0.798,
            "Irish": 0.01,
            "Gypsy": 0.001,
            "Other": 0.046
        },
        "Asian": {
            "Indian": 0.026,
            "Pakistani": 0.021,
            "Bangladeshi": 0.008,
            "Chinese": 0.007,
            "Other": 0.016
        },
        "Black": {
            "Caribbean": 0.011,
            "African": 0.018,
            "Other": 0.003
        },
        "Arab": 0.004,
        "Other": 0.006
    },
    "religion": {
        "Christian": 0.5938,
        "Muslim": 0.0502,
        "Hindu": 0.0152,
        "Sikh": 0.0079,
        "Jewish": 0.0049,
        "Buddhist": 0.0045,
        "Other religion": 0.0043,
        "No religion": 0.3192
    },
    "language": {
        "English": 0.9202,
        "Polish": 0.0104,
        "Punjabi": 0.0053,
        "Hindi/Urdu": 0.0052,
        "Bengali": 0.0042,
        "Gujarati": 0.0042,
        "Arabic": 0.003,
        "French": 0.0028,
        "Portuguese": 0.0026,
        "Spanish": 0.0023,
        "Tamil": 0.002,
        "Turkish": 0.0019,
        "Italian": 0.0018,
        "Somali": 0.0017,
        "Lithuanian": 0.0017,
        "German": 0.0015,
        "Persian/Farsi": 0.0015,
        "Tagalog/Filipino": 0.0013,
        "Romanian": 0.0013,
        "Russian": 0.0013,
        "Welsh": 0.0002,
        "Cornish": 0.0,
        "Other": 0.0237
    },
    "location": {
        "North East": {
            "County Durham": 0.009242376499828288,
            "Darlington": 0.001908309110671307,
            "Hartlepool": 0.001633923292346583,
            "Middlesbrough": 0.0025473625327050195,
            "Northumberland": 0.005675360861606874,
            "Redcar and Cleveland": 0.0024163654323435383,
            "Stockton-on-Tees": 0.003480274315009081,
            "Tyne and Wear (Met County)": 0.019954044801008323,
            "Gateshead": 0.0034714231595792517,
            "Newcastle upon Tyne": 0.005314233720069818,
            "North Tyneside": 0.0036997829696688604,
            "South Tyneside": 0.0026164015450576917,
            "Sunderland": 0.004853973637718668
        },
        "North West": {
            "Blackburn with Darwen": 0.002740317721075309,
            "Blackpool": 0.0024977960622979724,
            "Cheshire East": 0.007059681570832256,
            "Cheshire West and Chester": 0.006323265439070416,
            "Halton": 0.0022694362522083632,
            "Warrington": 0.003733417360302214,
            "Cumbria": 0.008847614967657878,
            "Allerdale": 0.0017011920736132895,
            "Barrow-in-Furness": 0.0011931357519410584,
            "Carlisle": 0.0019472541945625582,
            "Copeland": 0.0011878250586831605,
            "Eden": 0.0009683164040233813,
            "South Lakeland": 0.0018498914848344302,
            "Greater Manchester (Met County)": 0.05076668708333186,
            "Bolton": 0.005239884014459247,
            "Bury": 0.0034307078446020344,
            "Manchester": 0.00977167559453211,
            "Oldham": 0.004285729459123594,
            "Rochdale": 0.003961777170391823,
            "Salford": 0.004777853701022131,
            "Stockport": 0.005218641241427656,
            "Tameside": 0.0040910040396673385,
            "Trafford": 0.0041618132831059765,
            "Wigan": 0.005829370966085913,
            "Lancashire": 0.02186766460493753,
            "Burnley": 0.001676408838409766,
            "Chorley": 0.0020853322192679034,
            "Fylde": 0.001440968103976293,
            "Hyndburn": 0.0014551299526640207,
            "Lancaster": 0.0025296602218453598,
            "Pendle": 0.0016958813803553915,
            "Preston": 0.002618171776143658,
            "Ribble Valley": 0.0010886921178690665,
            "Rossendale": 0.0012533236088639011,
            "South Ribble": 0.001964956505422218,
            "West Lancashire": 0.0020782512949240393,
            "Wyre": 0.0019808885851959114,
            "Merseyside (Met County)": 0.025195699046553537,
            "Knowsley": 0.0027350070278174114,
            "Liverpool": 0.008605093308880542,
            "Sefton": 0.004944255423102932,
            "St. Helens": 0.0032430633494896425,
            "Wirral": 0.00566827993726301
        },
        "Yorkshire": {
            "East Riding of Yorkshire": 0.006057730776175522,
            "Kingston upon Hull, City of": 0.004728287230615085,
            "North East Lincolnshire": 0.0027774925738805944,
            "North Lincolnshire": 0.0030040821528842373,
            "York": 0.003590028642338971,
            "North Yorkshire": 0.01089400210303453,
            "Craven": 0.0010072614879146323,
            "Hambleton": 0.0016055995949711276,
            "Harrogate": 0.00288016597686662,
            "Richmondshire": 0.0008798048497250831,
            "Ryedale": 0.0009683164040233813,
            "Scarborough": 0.0019260114215309666,
            "Selby": 0.0016286125990886851,
            "South Yorkshire (Met County)": 0.024342447663117942,
            "Barnsley": 0.004329985236272743,
            "Doncaster": 0.005454081975861129,
            "Rotherham": 0.004705274226497527,
            "Sheffield": 0.009851335993400578,
            "West Yorkshire (Met County)": 0.041628754217575566,
            "Bradford": 0.009672542653718016,
            "Calderdale": 0.0036572974236056773,
            "Kirklees": 0.007670411295490513,
            "Leeds": 0.014374276418043612,
            "Wakefield": 0.0062542264267177435
        },
        "East Midlands": {
            "Derby": 0.004627384058715025,
            "Leicester": 0.006525071782870536,
            "North Northamptonshire": 0.006363980754047633,
            "Nottingham": 0.005730238025271819,
            "Rutland": 0.0007257947452460444,
            "West Northamptonshire": 0.007535873732957101,
            "Derbyshire": 0.014066256209085535,
            "Amber Valley": 0.002234031630489044,
            "Bolsover": 0.0014214955620306675,
            "Chesterfield": 0.0018339594050607367,
            "Derbyshire Dales": 0.0012657152264656628,
            "Erewash": 0.001998590896055571,
            "High Peak": 0.0016091400571430594,
            "North East Derbyshire": 0.0018056357076852811,
            "South Derbyshire": 0.0018976877241555113,
            "Leicestershire": 0.012609356025335547,
            "Blaby": 0.0018215677874589748,
            "Charnwood": 0.003255454967091404,
            "Harborough": 0.0017277455399027789,
            "Hinckley and Bosworth": 0.002010982513657333,
            "Melton": 0.0009169797025303684,
            "North West Leicestershire": 0.0018534319470063622,
            "Oadby and Wigston": 0.0010214233366023602,
            "Lincolnshire": 0.013602455664562451,
            "Boston": 0.0012480129156060033,
            "East Lindsey": 0.002519038835329564,
            "Lincoln": 0.0018392700983186345,
            "North Kesteven": 0.002088872681439835,